doc_id,jurisdictions,url,source_type,retrieved_at,text_file
D002,"Berkeley, CA",https://morganlewis.com/pubs/2026/08/algorithmic-rent-pricing-litigation-expands-under-new-state-and-local-laws,fetched: secondary (law firm / news / mirror),2026-10-03 17:53 UTC,D002.txt
D015,CA,https://caanet.org/compliance-reminder-section-8-acceptance-and-criminal-background-checks-are-fair-housing-issues/,fetched: secondary (law firm / news / mirror),2026-10-03 17:53 UTC,D015.txt
D017,CA,https://california.public.law/codes/civil_code_section_1950.6,fetched: secondary (law firm / news / mirror),2026-10-03 17:53 UTC,D017.txt
D028,CA,https://www.clearygottlieb.com/news-and-insights/publication-listing/californias-antitrust-law-amendments-kick-in-targeting-algorithmic-pricing,fetched: secondary (law firm / news / mirror),2026-10-03 17:53 UTC,D028.txt
D030,"Cambridge, MA",https://www.cambridgeday.com/?p=158097,fetched: secondary (law firm / news / mirror),2026-10-03 17:53 UTC,D030.txt
D037,"Jersey City, NJ",https://www.morganlewis.com/pubs/2026/08/algorithmic-rent-pricing-litigation-expands-under-new-state-and-local-laws,fetched: secondary (law firm / news / mirror),2026-10-03 17:54 UTC,D037.txt
D044,"Los Angeles, CA",https://members.aagla.org/news/city-of-la-security-deposit-interest-requirement,fetched: secondary (law firm / news / mirror),2026-10-03 17:54 UTC,D044.txt
D054,MA,https://masslandlords.net/can-massachusetts-landlords-charge-an-application-fee/,fetched: secondary (law firm / news / mirror),2026-10-03 17:54 UTC,D054.txt
D055,MA,https://massrealestatelawblog.com/tag/cella-v-attorney-general/,fetched: secondary (law firm / news / mirror),2026-10-03 17:54 UTC,D055.txt
D059,MA,https://www.wbur.org/news/2026/06/23/massachusetts-high-court-rent-control-ballot-question-struck,fetched: secondary (law firm / news / mirror),2026-10-03 17:54 UTC,D059.txt
D060,NJ,https://daypitney.com/new-jersey-enacts-fair-act-to-prohibit-algorithmic-rent-setting-practices,fetched: secondary (law firm / news / mirror),2026-10-03 17:54 UTC,D060.txt
D077,"San Diego, CA",https://www.lassd.org/resource/city-of-san-diego-tenant-protection-ordinance/,fetched: secondary (law firm / news / mirror),2026-10-03 17:54 UTC,D077.txt
D086,"Santa Ana, CA",https://www.ocbj.com/real-estate/santa-ana-bans-landlords-from-using-ai-apartment-rent-pricing-software/,fetched: secondary (law firm / news / mirror),2026-10-03 17:54 UTC,D086.txt
D087,"Santa Ana, CA",https://www.publicceo.com/2026/02/santa-ana-city-council-continues-to-strengthen-tenant-protections-by-banning-anticompetitive-rent-setting-software/,fetched: secondary (law firm / news / mirror),2026-10-03 17:54 UTC,D087.txt
D075,"San Diego, CA",https://gocodebook.com/library/us/ca/san-diego-zoning/division-8-prohibition-of-discrimination-based-on-a-tenant-s-source-of-income,fetched: code publisher,2026-10-03 18:17 UTC,D075.txt
